IQ,Per,lpa
102,44,9
106,58,7
146,69,6
141,68,5
127,55,5
116,97,6
126,65,8
150,98,4
142,70,8
130,96,8
136,52,6
135,96,4
102,44,4
139,57,6
144,76,4
131,94,5
110,94,9
119,42,4
129,95,4
146,77,7
114,42,7
136,60,9
146,95,4
104,54,9
128,93,9
103,98,6
116,53,4
136,67,6
115,79,4
110,60,4
123,74,7
130,78,5
127,100,6
148,85,5
135,70,5
124,66,9
142,50,6
117,86,7
109,49,8
137,85,9
119,65,8
126,55,4
124,77,7
149,88,4
104,48,7
134,66,8
106,85,6
146,62,6
134,95,4
108,67,8
128,55,8
132,97,4
120,44,4
130,78,9
140,72,8
121,90,7
126,73,5
127,53,8
119,67,9
103,57,7
142,66,5
139,59,9
110,43,4
113,97,4
106,48,4
115,88,8
108,46,8
107,88,6
134,47,9
149,56,5
109,94,7
145,63,4
106,77,8
150,69,6
118,80,9
106,51,7
149,41,5
125,71,8
141,66,4
122,96,7
148,45,7
146,72,4
114,95,8
100,74,5
130,94,7
109,86,6
106,41,4
121,51,8
131,58,7
133,58,6
124,100,8
114,41,9
111,45,6
136,98,7
112,76,4
148,75,8
143,76,5
137,73,4
134,71,7
148,84,7
131,88,9
120,42,6
149,72,8
117,49,8
129,51,6
144,59,5
113,91,5
125,55,6
141,44,4
107,62,8
145,60,4
145,93,6
102,62,9
108,54,8
102,90,6
114,96,5
135,63,5
134,73,4
119,71,5
136,83,9
114,73,6
138,86,5
139,88,4
119,48,6
101,80,4
136,95,5
124,70,8
104,79,9
130,80,5
126,70,7
128,46,9
121,47,9
132,58,9
106,40,7
110,50,6
100,62,6
147,83,9
115,58,5
125,77,8
149,90,7
142,50,8
118,75,4
131,73,9
103,55,4
133,97,8
111,99,7
104,95,5
149,48,8
117,65,5
126,72,9
117,46,9
124,84,9
118,58,5
111,63,6
134,82,9
106,41,8
124,72,9
105,44,9
112,98,4
113,57,9
140,50,8
119,81,6
125,93,8
103,76,4
128,67,6
134,42,8
137,80,7
123,94,9
102,52,5
126,100,9
102,50,8
140,40,6
103,61,9
144,91,6
117,69,4
112,89,5
145,57,9
119,56,8
122,67,8
139,80,6
125,48,4
138,50,6
132,96,7
115,68,8
106,40,9
136,100,9
109,89,8
108,84,7
131,45,6
129,100,9
147,89,8
146,59,6
118,88,4
125,65,6
107,53,6
111,61,4
127,65,8
131,64,9
139,84,7
141,66,6
105,82,5
108,71,8
107,80,9
114,82,4
124,57,8
140,48,7
145,44,8
131,62,9
130,70,5
125,41,8
120,76,4
109,54,8
142,65,8
101,93,6
136,50,5
123,61,7
130,66,7
122,62,9
111,58,8
149,52,4
133,68,5
127,57,6
127,74,8
134,97,5
132,92,6
150,41,6
146,92,7
145,91,7
140,96,9
139,52,7
107,97,9
126,86,4
119,53,7
124,47,5
119,42,8
112,40,5
118,93,8
117,81,9
143,81,8
109,92,6
133,69,4
107,81,6
101,73,5
150,71,8
131,64,9
111,78,6
132,88,7
120,63,7
121,81,8
102,80,9
135,63,9
101,44,4
123,81,9
148,73,8
134,83,9
125,64,6
127,96,6
119,53,6
132,46,8
148,67,9
113,80,6
149,40,4
146,71,4
113,55,8
121,57,8
104,78,5
127,74,6
126,78,6
130,70,4
124,89,5
107,80,8
107,85,9
118,62,4
116,51,7
127,54,8
107,68,4
127,55,6
146,52,5
113,46,4
109,82,4
136,80,5
114,91,8
100,60,8
101,100,4
102,63,7
149,73,9
147,67,9
118,94,7
134,89,9
125,53,5
139,100,4
135,71,4
106,83,7
149,43,7
134,79,5
127,92,7
145,85,4
116,55,6
106,75,6
147,72,7
141,94,9
104,64,7
129,95,7
101,63,4
145,70,9
106,50,6
107,47,4
146,41,8
127,73,9
148,40,6
150,44,5
137,69,5
106,58,5
134,45,9
139,59,9
140,50,7
109,49,7
149,49,9
119,83,7
134,52,4
119,92,6
112,65,5
145,47,8
149,50,8
119,87,9
122,80,9
138,91,8
108,81,7
117,57,8
119,40,4
112,95,4
141,52,6
107,45,4
150,99,6
111,99,9
132,79,9
105,73,5
126,84,4
103,50,7
103,78,4
111,52,4
126,78,9
113,69,7
121,74,7
140,66,8
136,48,4
146,56,7
137,54,6
112,94,9
118,84,8
108,50,6
146,43,8
126,63,7
135,44,7
126,84,5
127,73,8
100,88,4
131,66,8
116,90,8
122,72,4
137,65,8
108,79,5
128,59,4
125,43,5
101,43,6
147,43,9
111,70,6
126,85,4
149,88,4
147,81,5
150,100,7
145,61,7
114,41,4
145,76,5
125,94,8
107,55,7
148,74,6
112,44,9
132,96,4
145,65,8
132,53,8
101,87,5
147,43,5
122,73,4
112,76,9
143,54,6
126,85,8
113,59,4
144,81,7
112,70,5
146,57,4
133,82,6
113,48,8
130,81,5
142,49,5
107,93,5
120,85,9
135,84,7
141,87,9
101,42,5
130,46,8
121,82,8
122,66,6
108,49,6
109,95,8
143,77,5
121,69,4
135,71,5
137,64,6
146,70,7
117,56,8
123,99,5
147,47,8
126,88,7
122,44,6
138,92,9
103,96,8
147,90,7
115,83,7
109,65,9
119,87,5
147,73,4
148,47,9
149,96,4
126,90,9
126,75,7
119,67,5
139,95,7
136,58,4
109,70,9
123,60,8
146,62,4
108,54,7
114,51,9
129,55,7
119,41,7
137,53,5
119,90,5
100,97,8
106,79,5
140,48,7
113,56,8
145,63,9
146,51,4
103,87,5
117,95,8
112,76,6
149,89,8
129,90,6
106,99,7
103,62,4
138,95,7
121,100,8
105,90,4
131,44,8
135,45,6
111,67,9
138,51,5
101,66,6
114,60,4
133,71,4
104,62,4
132,81,5
117,78,7
112,81,8
110,89,9
142,56,8
112,92,4
136,64,4
142,79,4
113,92,9
100,76,4
148,98,9
146,68,6
135,88,6
123,57,7
122,48,6
109,70,6
118,54,9
110,44,6
137,56,7
101,91,8
139,73,5
129,69,6
137,73,7
105,70,6
122,84,4
111,53,5
140,79,8
121,66,7
112,44,8
127,58,4
150,40,5
118,53,5
126,57,7
116,89,7
115,63,9
121,97,9
101,68,6
126,96,9
115,81,9
112,76,5
105,77,8
132,69,4
143,74,9
127,95,9
115,45,6
124,46,7
132,91,4
148,76,9
100,62,4
103,76,6
120,48,7
146,99,9
126,50,8
121,58,5
119,48,9
140,84,6
148,95,6
143,68,5
119,61,9
131,57,7
131,94,4
149,51,5
128,96,7
104,83,6
138,65,7
128,74,5
115,90,6
115,60,8
104,42,5
139,92,7
123,98,8
140,85,6
136,71,9
112,86,5
119,76,4
107,50,9
127,80,5
121,54,9
109,63,4
101,62,5
114,89,4
128,90,5
149,46,4
139,44,4
103,79,9
114,46,8
117,86,9
107,66,8
139,64,4
102,73,7
127,87,5
123,72,7
100,81,6
132,98,8
141,86,7
128,57,4
110,48,7
126,62,8
117,85,8
147,76,6
145,57,6
103,66,9
143,58,6
136,80,5
105,47,5
149,71,5
112,59,4
144,48,9
120,91,8
135,86,8
107,94,8
131,92,7
139,98,6
147,50,7
113,47,9
146,82,9
114,47,6
108,65,7
134,86,8
127,85,5
148,82,8
108,42,4
127,79,4
109,94,4
103,72,5
149,65,9
112,92,9
112,90,9
106,70,7
102,82,5
116,82,9
105,77,4
121,66,4
138,72,9
139,99,9
149,56,7
119,61,4
141,51,4
105,42,9
136,68,8
140,72,6
132,80,8
133,74,6
115,100,8
139,89,5
116,78,9
129,92,5
121,98,5
145,86,8
138,53,4
136,90,7
111,82,6
104,53,6
141,63,7
101,85,4
143,64,6
132,41,6
144,92,6
139,78,6
137,50,6
133,82,9
136,40,9
131,82,9
128,83,9
110,70,8
142,78,5
126,76,9
113,59,8
106,67,7
142,97,7
123,43,8
101,66,8
140,50,4
120,83,8
128,85,5
124,91,5
150,73,4
113,66,5
115,62,9
106,62,4
107,86,4
149,84,7
115,64,7
109,48,8
133,82,7
102,86,9
108,55,4
147,78,7
117,58,6
117,75,8
102,60,6
112,84,6
124,89,8
124,64,8
126,64,5
121,92,9
134,75,8
106,100,7
101,58,7
142,80,9
113,64,6
140,87,9
100,75,8
120,79,4
101,98,8
102,40,5
140,89,7
148,40,4
139,57,4
132,92,7
117,95,4
143,95,5
104,97,6
148,70,8
106,64,5
108,86,8
112,93,4
114,72,7
121,41,5
134,100,7
121,49,8
135,65,8
139,45,8
124,67,7
137,58,7
131,43,6
143,73,5
141,79,7
125,65,7
105,74,7
131,81,6
117,54,5
124,81,6
131,71,7
110,49,6
127,62,8
124,81,8
114,95,9
117,86,6
125,58,9
125,87,4
134,94,9
120,42,6
112,84,8
141,43,9
102,41,6
143,50,6
143,88,5
146,76,4
128,92,4
108,100,4
114,69,4
143,40,8
145,53,8
131,83,8
117,51,5
144,56,9
105,73,8
149,87,4
132,74,4
113,97,5
130,73,4
111,91,8
103,52,5
104,94,9
143,100,7
104,51,7
109,99,5
143,47,8
120,58,4
134,61,6
135,75,5
140,99,8
101,88,5
133,93,9
114,63,9
130,79,6
104,90,6
117,61,7
144,46,6
138,52,5
128,92,4
126,74,6
103,70,5
105,96,4
113,85,5
103,70,5
126,99,4
140,80,5
128,98,5
105,70,6
123,64,8
118,71,9
146,77,8
123,82,9
124,50,9
146,93,9
116,67,5
102,61,7
127,72,7
139,83,8
144,75,6
138,98,9
147,99,4
144,82,8
129,87,8
148,80,7
112,93,5
141,58,7
103,88,6
121,91,8
106,58,5
141,74,7
122,56,8
148,67,5
139,83,8
115,89,4
100,96,7
116,95,4
111,78,8
125,96,7
138,67,6
115,96,6
132,49,9
127,40,9
101,94,5
139,92,5
144,60,6
109,61,8
130,46,7
142,84,6
119,70,7
150,79,6
143,58,8
133,45,7
103,54,7
148,88,7
125,42,8
146,87,7
120,97,5
120,59,7
148,96,4
140,65,7
102,45,6
122,50,6
118,85,7
137,66,8
149,58,6
141,55,9
102,50,4
145,42,9
110,93,7
114,51,6
145,67,5
127,99,9
123,57,9
146,59,9
142,100,4
121,53,9
120,57,9
136,47,9
120,71,6
101,74,7
142,47,4
102,41,4
147,94,5
141,71,6
149,50,4
112,81,7
128,41,9
128,61,8
149,57,7
122,62,7
134,61,4
113,63,5
147,77,9
131,73,9
112,63,5
138,59,7
121,52,4
141,74,9
116,59,8
114,67,8
138,68,5
101,77,9
115,40,7
102,73,9
104,85,8
123,68,4
136,47,9
141,45,9
110,60,6
117,45,6
134,95,8
119,42,6
122,85,9
146,74,4
101,65,8
108,47,4
112,99,5
129,44,8
142,88,9
122,40,9
130,71,8
107,99,5
108,67,9
108,69,4
143,78,7
106,69,6
144,86,7
146,53,7
126,51,5
112,42,8
131,74,7
111,58,9
101,50,6
140,63,5
114,100,7
104,79,6
104,99,8
138,98,7
141,75,8
147,42,8
109,59,4
112,48,7
145,45,5
130,47,9
112,53,5
122,62,6
135,86,8
114,100,7
135,56,9
100,58,8
125,88,4
118,75,6
140,92,7
141,49,5
123,48,6
130,84,6
137,90,6
146,89,6
139,68,9
137,58,9
122,62,8
148,65,9
144,54,8
131,98,9
136,92,4
132,57,9
150,65,8
103,45,5
138,66,5
128,55,7
112,65,8
104,60,4
143,82,6
124,87,7
144,89,7
124,64,9
100,70,5
103,60,9
132,98,6
127,52,5
133,61,7
147,48,5
127,58,4
129,88,7
131,46,8
108,75,8
142,76,5
133,89,5
129,92,7
109,77,5
135,71,7
117,45,6
105,67,8
118,90,4
106,48,4
110,76,9
124,75,7
107,59,7
117,68,9
122,87,9
148,69,5
110,66,8
130,66,6
105,53,9
133,57,4
148,87,8
112,55,4
129,46,5
110,91,6
117,99,7
116,88,5
124,89,4
129,43,7
131,97,4
108,70,6
113,63,4
124,84,4
142,42,4
123,40,8
139,42,7
128,53,9
138,60,5
128,46,4
137,74,5
134,67,9
126,89,6
120,82,8
125,78,6
142,88,6
121,63,8
111,97,6
116,66,9
111,52,6
129,98,9
109,57,4
118,63,4
132,62,8
142,94,7
109,91,5
145,73,7
127,45,4
143,92,8
142,43,7
120,57,7
107,89,4
138,54,6
123,66,6
137,53,8
150,42,8
133,59,6
116,82,5
142,86,7
148,45,5
149,72,4
116,60,4
133,59,6
110,79,9
128,86,8
113,83,7
150,87,4
140,87,6
112,61,8
148,58,5
130,50,6
135,80,8
146,61,6
103,53,7
101,50,6
129,80,9
114,84,4
145,88,3
121,77,7
150,72,5
102,53,8
129,84,7
131,89,8
145,52,9
147,76,7
110,85,6
112,83,4
121,60,6
133,78,9
112,58,4
110,50,8
106,87,7
135,84,8
116,61,9
139,82,8
139,87,4
144,89,6
111,82,4
118,55,7
146,82,6
117,69,8
137,76,4
140,76,4
144,83,4
113,82,9
117,62,5
139,73,6
142,73,8
142,69,3
117,87,9
104,56,8
106,51,3
113,83,3
123,55,6
101,55,5
137,58,5
107,89,3
143,65,5
109,69,4
119,71,8
138,77,5
103,77,6
123,85,9
127,87,8
142,54,8
147,67,4
127,79,6
120,71,4
140,64,7
106,80,8
108,52,7
104,80,4
130,72,8
120,74,8
107,64,7
118,59,4
131,51,7
133,63,3
125,56,4
124,55,6
123,56,5
127,63,6
103,88,7
132,82,3
115,85,4
111,90,7
122,74,8
124,54,6
131,50,9
109,62,5
150,88,8
136,72,7
122,67,9
122,76,6
138,74,3
126,61,7
142,71,7
119,72,3
114,59,3
114,53,7
148,57,7
129,53,4
138,83,4
132,65,7
145,64,7
134,76,3
117,81,6
149,50,8
126,83,4
144,81,5
110,87,4
105,63,8
126,57,9
135,63,3
107,86,4
114,55,8
141,66,5
118,71,5
132,70,7
146,55,4
116,74,4
123,77,6
102,80,9
122,77,7
109,75,5
112,82,7
107,78,7
102,66,3
124,70,8
123,62,6
140,86,3
142,74,5
123,59,6
138,57,3
144,63,3
150,88,3
107,79,6
104,67,9
141,87,6
135,56,5
125,57,8
118,82,7
126,59,9
101,67,6
128,60,6
124,84,9
101,70,3
119,80,7
107,74,7
101,73,6
129,75,5
128,53,9
139,57,7
100,73,7
142,60,3
106,84,5
128,71,7
134,70,7
128,86,6
116,70,7
143,52,7
132,74,8
150,77,3
144,69,4
108,89,5
145,84,9
101,61,5
137,76,7
135,65,8
126,87,6
127,80,7
131,54,9
121,63,9
134,76,4
109,66,5
130,83,8
134,78,6
142,73,5
134,67,5
120,89,9
149,72,9
135,90,8
120,76,8
145,57,7
125,68,4
136,89,5
112,66,7
121,59,6
135,80,6
110,64,6
106,88,5
102,83,8
109,89,6
122,71,5
123,67,7
150,88,6
132,50,9
112,57,4
110,65,5
125,90,7
112,58,4
143,62,6
146,66,3
150,79,5
142,74,4
109,72,5
140,53,6
108,65,6
101,53,9
118,81,5
129,65,5
101,51,6
124,78,7
123,88,8
100,60,8
120,86,7
119,89,9
127,87,7
143,60,3
117,61,4
124,85,6
130,60,4
139,85,7
138,88,3
142,65,4
138,87,8
119,69,7
114,61,6
133,50,9
103,78,5
109,69,4
113,66,8
122,50,3
104,68,9
117,54,4
124,82,5
114,81,7
123,80,9
109,52,7
146,56,6
146,56,8
140,55,7
143,65,6
128,87,7
120,80,3
136,60,8
141,81,9
120,71,6
115,52,8
131,73,4
101,84,7
147,89,9
117,77,5
121,52,9
119,52,3
137,87,3
126,65,9
140,56,9
141,73,7
125,59,7
116,65,6
124,55,7
119,63,4
108,77,6
132,73,7
110,53,6
139,76,3
123,88,5
146,82,4
133,69,5
124,67,6
138,68,3
144,64,9
119,77,3
135,73,5
130,50,6
122,82,7
102,88,8
126,57,5
108,75,4
108,84,6
119,66,4
104,82,4
146,90,5
101,51,4
123,61,5
107,74,8
125,69,6
141,86,8
128,54,6
127,89,9
116,66,5
122,82,5
130,65,6
137,74,4
145,61,3
138,78,7
127,72,4
142,57,4
126,88,6
116,90,6
148,78,6
132,77,7
119,90,8
109,88,4
128,82,9
147,73,4
121,67,9
100,88,8
128,63,5
112,69,7
119,87,5
114,69,3
146,87,8
108,65,5
113,55,7
136,75,3
141,88,4
107,68,5
108,50,3
100,74,7
133,80,6
105,82,7
120,84,7
114,52,7
113,56,6
127,71,9
113,52,8
148,65,7
131,87,4
118,81,7
139,77,9
115,55,6
140,74,9
150,78,9
104,59,8
129,64,5
109,59,8
130,64,8
130,85,9
106,62,4
124,80,5
128,62,7
120,76,5
120,89,9
122,65,9
138,81,5
127,57,7
110,90,8
136,90,7
121,59,3
118,85,9
103,61,5
118,55,3
148,74,7
119,50,6
119,90,3
124,72,8
122,51,4
128,63,9
106,71,8
116,68,8
103,88,4
117,57,3
135,64,4
124,62,3
133,83,7
143,90,9
119,70,6
116,55,5
133,53,9
107,87,9
126,74,6
114,85,6
148,53,4
144,70,8
142,75,6
134,82,3
116,71,3
136,53,8
128,60,3
114,65,9
112,51,4
133,52,9
132,85,4
125,60,3
113,57,9
105,84,4
130,79,5
123,82,5
107,50,4
138,51,4
120,69,3
124,89,3
104,69,8
124,51,9
131,80,4
114,82,9
109,74,8
132,55,7
122,63,8
101,53,6
106,61,7
129,84,4
131,56,5
135,69,4
104,74,7
144,64,5
146,72,8
110,83,7
111,72,9
124,77,5
141,58,6
116,67,4
139,80,6
124,67,3
120,88,8
139,53,5
150,67,9
140,50,9
104,61,5
128,51,9
117,76,8
123,71,6
144,64,5
110,81,7
125,64,9
131,77,3
140,55,6
147,87,4
117,55,3
108,85,8
146,72,3
126,68,9
134,59,3
143,50,7
128,70,5
108,87,8
131,64,3
137,87,6
102,64,9
116,64,4
119,51,7
120,79,8
102,73,5
121,66,7
112,82,3
111,81,8
135,77,5
132,67,3
139,69,6
126,85,7
105,61,5
137,53,7
145,50,8
119,86,5
112,74,7
132,52,8
104,68,7
125,75,8
128,52,5
134,90,5
101,70,5
150,54,9
136,51,8
122,77,5
116,79,9
115,86,4
127,66,3
125,59,9
118,67,3
109,66,6
139,82,8
103,57,9
137,68,4
148,51,5
144,50,6
119,52,5
110,51,9
116,52,6
109,79,7
146,87,8
146,84,8
116,66,5
137,63,9
106,88,8
100,56,9
132,65,8
114,55,7
122,54,8
112,84,4
124,74,3
135,82,4
128,87,4
136,68,9
136,55,4
145,85,6
149,59,8
136,61,9
106,62,7
135,72,3
106,52,6
106,57,5
141,71,8
148,84,6
111,60,5
147,59,6
146,81,4
101,87,3
118,54,8
123,65,8
128,85,7
117,57,3
120,78,5
147,88,3
130,74,7
109,52,7
111,62,9
125,79,4
128,90,5
112,68,7
133,50,8
135,87,9
114,62,6
147,78,3
117,81,5
136,65,8
115,70,8
109,70,7
124,66,9
147,74,8
122,87,6
113,85,9
107,51,6
130,67,9
144,74,6
117,78,8
108,60,8
141,79,3
136,54,7
126,50,6
103,74,9
110,72,6
109,85,7
131,65,4
146,58,6
126,51,9
113,64,9
105,72,3
138,60,8
105,60,4
114,64,6
105,81,5
139,83,5
145,52,3
114,83,4
140,83,3
144,65,4
139,85,9
103,50,9
106,76,5
144,65,8
131,54,4
110,88,4
138,87,8
112,57,9
130,57,4
104,85,8
111,61,6
124,70,3
113,85,3
148,64,6
126,73,5
145,73,6
100,54,3
116,71,7
129,60,7
140,79,3
101,83,4
136,63,6
111,74,7
145,65,7
137,73,5
118,59,4
145,76,3
107,74,7
104,64,8
119,90,7
138,50,6
104,76,4
103,87,3
119,78,4
144,65,4
107,62,4
112,89,6
115,85,9
140,82,7
115,75,3
139,90,7
128,53,3
113,67,4
125,69,4
136,76,4
112,87,6
119,90,8
126,64,3
131,75,4
142,81,6
104,59,8
133,73,7
132,85,6
120,72,7
143,69,4
120,87,5
148,63,9
149,72,8
127,52,4
115,76,9
141,71,9
134,69,7
127,50,8
139,74,6
134,79,7
150,74,6
108,69,6
143,66,6
138,55,8
145,78,6
118,72,7
104,73,8
102,66,5
135,69,6
123,75,4
101,83,3
134,66,4
107,67,9
147,59,8
107,83,7
115,63,6
123,56,9
115,69,5
145,56,6
118,70,8
118,89,4
145,53,9
109,75,9
104,65,6
132,69,5
107,54,6
102,68,4
134,56,8
120,82,9
146,70,7
108,68,4
106,51,6
138,63,9
119,80,3
131,87,9
136,67,3
141,70,4
112,52,8
125,90,9
126,50,4
101,58,4
117,65,4
148,79,6
145,79,3
135,80,3
149,70,4
136,71,6
130,86,7
116,82,7
140,80,7
109,83,4
131,88,6
129,77,4
104,86,9
119,74,3
119,78,7
125,88,3
142,56,7
131,80,9
102,67,5
146,65,7
114,68,9
149,69,6
109,62,9
140,70,3
111,74,3
101,68,4
108,57,7
138,86,4
100,86,5
123,84,4
106,51,3
148,78,8
150,51,7
113,59,8
124,58,8
140,83,5
134,85,9
122,72,4
113,71,7
122,83,8
124,86,8
135,50,9
150,55,5
109,67,3
109,83,5
139,77,9
125,73,6
104,70,5
130,72,4
133,58,3
134,52,8
133,69,3
135,85,4
147,80,4
123,76,5
113,62,8
117,78,9
110,73,9
143,55,3
127,64,7
143,61,7
127,76,8
118,83,4
146,89,3
126,79,5
138,81,4
120,83,9
149,68,9
134,62,6
133,59,4
120,61,8
132,68,7
122,58,7
144,73,4
144,69,4
112,61,7
129,70,9
148,67,6
131,69,5
145,64,4
129,58,5
106,73,8
128,57,9
143,88,5
134,62,9
122,81,6
142,56,7
103,52,9
121,81,9
138,58,5
134,63,8
134,63,4
113,66,4
102,71,3
102,58,8
127,60,6
132,88,3
108,68,9
140,63,4
123,80,3
137,60,3
144,77,4
122,77,5
103,84,6
147,90,3
110,67,7
147,60,3
117,52,9
103,72,7
114,63,8
137,86,5
117,85,4
109,67,3
141,55,5
119,62,8
110,69,5
150,69,8
114,81,3
147,82,4
150,69,5
114,68,8
126,60,5
132,57,4
142,63,5
130,75,5
138,54,8
145,59,3
102,86,5
131,64,4
144,61,5
129,84,6
124,86,8
101,74,8
103,72,3
117,80,9
124,79,4
133,65,9
144,74,8
133,60,4
109,63,7
150,87,8
137,82,3
140,58,5
119,50,3
106,75,5
129,57,5
139,53,8
108,53,3
115,87,9
113,52,6
127,64,5
141,70,9
104,72,9
138,61,5
149,77,5
135,75,8
141,79,9
106,80,4
102,66,7
113,69,7
117,55,9
135,88,5
102,80,9
147,79,7
148,54,4
104,54,3
142,54,6
119,86,8
103,66,4
148,52,6
104,83,4
108,72,8
145,70,6
110,60,5
106,65,3
130,52,5
145,80,6
137,67,7
123,68,9
103,76,3
117,75,6
116,65,5
112,57,6
115,61,4
106,61,4
136,64,9
116,74,7
106,59,9
135,64,4
118,75,4
137,87,7
124,62,6
150,63,9
110,82,3
101,83,7
134,79,7
115,62,4
100,60,9
110,62,9
112,87,5
134,78,9
104,90,6
111,56,5
109,74,7
131,87,4
114,86,4
109,55,4
121,50,6
126,59,7
105,89,9
136,51,7
106,89,8
119,89,9
144,70,5
122,50,9
121,65,3
141,55,7
102,71,3
149,66,9
128,53,7
130,52,9
128,51,4
111,62,3
125,61,7
137,60,3
102,75,5
129,87,6
129,85,3
144,72,8
111,57,4
107,71,7
107,58,5
122,80,5
109,90,4
116,53,8
114,55,5
134,81,5
124,71,8
111,70,5
138,72,3
124,58,7
116,67,5
136,63,3
117,77,6
101,90,4
146,79,7
132,51,3
123,65,7
121,74,9
142,66,4
149,88,9
130,70,7
116,74,3
138,85,3
100,59,6
111,58,9
101,63,4
101,69,7
118,61,6
134,90,7
115,51,7
104,60,5
123,59,3
123,81,3
132,53,9
115,88,7
127,75,5
110,84,7
136,57,8
125,64,6
107,62,6
108,76,6
131,51,4
115,80,8
100,68,9
105,83,9
135,52,8
136,88,9
106,74,4
102,63,3
127,67,8
128,79,8
150,66,3
107,59,3
148,65,8
108,76,5
136,83,7
133,77,5
127,80,3
120,90,5
115,83,3
128,55,3
143,69,3
125,52,9
149,86,4
133,61,7
103,60,9
140,56,8
137,75,8
129,62,6
136,66,7
104,70,9
141,70,5
135,55,8
105,78,4
122,63,9
140,55,5
150,62,5
122,79,7
107,58,4
146,60,9
112,65,6
134,70,7
112,50,6
112,52,7
113,67,5
136,86,8
121,62,3
148,85,5
142,84,8
143,54,4
122,70,9
104,72,9
123,67,7
143,63,7
100,81,3
150,74,5
114,69,8
141,56,4
143,70,5
116,82,9
105,89,3
143,79,9
114,59,7
142,86,4
150,53,3
138,77,4
103,70,5
121,58,7
150,72,8
111,84,7
131,58,3
114,70,7
149,51,4
111,90,4
108,81,8
114,52,8
113,85,6
137,78,4
116,61,3
125,58,8
101,54,8
146,54,7
100,52,9
119,79,4
106,66,9
105,73,6
116,64,7
137,78,5
103,75,6
139,55,8
122,66,3
145,69,6
128,88,5
148,84,9
138,50,5
144,59,8
136,84,3
119,58,9
138,51,4
144,69,9
108,71,3
145,59,5
127,90,6
117,59,4
113,73,4
124,63,3
127,73,4
111,65,3
105,62,7
129,50,3
122,89,6
138,63,9
100,79,4
111,84,6
118,57,7
110,88,4
103,57,4
120,59,7
133,52,9
131,74,3
104,71,9
146,62,5
145,73,9
150,51,6
121,77,6
102,70,9
117,67,9
115,52,9
116,73,4
119,68,5
122,64,9
108,69,9
149,89,4
134,86,3
127,53,6
110,85,5
146,80,8
145,70,5
104,89,3
125,90,7
136,65,6
121,64,9
137,72,3
116,81,6
107,75,4
125,82,8
145,80,8
130,75,5
127,69,9
141,88,4
108,55,6
124,90,3
139,65,9
121,88,3
111,60,7
136,56,7
134,63,3
136,76,9
128,67,5
103,68,8
128,75,3
109,73,8
136,69,4
123,66,9
113,71,3
133,87,5
122,57,9
147,83,6
106,72,3
127,74,9
143,63,6
148,57,3
119,90,5
105,61,7
135,71,6
108,72,6
129,57,6
112,55,7
122,78,3
107,50,6
106,64,9
116,55,3
114,70,8
100,80,9
134,60,3
106,79,3
123,56,6
110,66,4
127,68,5
136,64,5
135,58,5
100,68,6
149,85,5
128,53,3
123,69,3
112,53,9
119,80,7
108,51,4
109,58,4
144,53,8
135,82,7
134,57,3
100,62,3
101,57,3
112,54,3
102,68,6
137,74,5
142,84,5
144,54,9
102,50,9
135,64,7
131,76,7
125,65,9
148,57,5
134,86,3
131,79,8
143,81,8
107,82,6
118,63,8
144,57,3
120,56,3
125,52,5
106,59,5
109,50,6
145,77,3
101,83,8
147,57,5
127,80,9
139,78,8
130,69,5
108,60,6
112,75,8
119,85,3
117,83,7
101,53,8
137,52,6
102,50,6
124,86,6
148,74,8
121,86,6
123,84,4
140,50,7
145,87,4
137,81,6
102,65,7
122,72,5
150,87,6
123,73,9
106,56,7
105,88,8
123,78,4
115,66,9
127,77,3
101,87,9
136,59,4
117,87,4
106,75,5
142,80,9
144,75,8
139,72,4
143,64,9
145,59,4
100,89,3
140,84,9
135,70,4
122,74,6
132,81,8
133,53,8
110,65,8
110,70,8
127,62,7
122,52,8
108,61,8
147,86,9
135,74,6
120,77,8
114,87,4
114,83,7
105,66,7
146,81,8
127,81,9
143,90,4
105,68,5
127,77,7
102,72,4
147,75,3
136,75,8
111,55,8
126,53,9
112,75,7
140,59,5
136,87,4
122,74,7
138,52,8
142,62,5
143,90,7
123,51,3
146,55,5
146,62,7
145,79,5
103,50,5
127,52,6
127,72,3
147,66,4
148,56,6
101,90,6
123,77,9
135,73,9
128,68,4
109,69,7
117,59,5
106,60,6
107,80,8
122,71,6
109,87,4
117,84,8
131,77,5
123,70,7
134,62,7
101,55,8
133,76,9
132,75,5
101,86,6
143,87,9
133,73,3
108,79,5
119,87,3
115,74,5
130,54,3
131,87,9
117,71,6
124,88,5
119,63,5
131,74,5
150,62,5
113,75,6
130,58,3
145,85,6
127,63,9
148,89,3
143,50,4
111,52,3
147,58,3
144,52,7
107,67,8
112,85,7
122,84,4
144,82,7
148,71,9
133,76,3
123,67,8
148,71,4
124,89,4
144,60,4
135,70,6
118,80,8
131,52,4
127,55,4
132,79,9
140,85,4
136,75,5
111,82,3
110,83,6
148,57,8
111,63,8
113,66,6
147,81,8
106,68,9
106,89,4
116,74,7
106,88,7
114,64,8
105,60,7
112,90,4
117,67,5
138,90,3
108,53,3
136,73,4
115,67,4
105,86,3
130,56,7
122,81,4
111,71,7
113,77,7
133,65,4
113,73,9
120,61,3
139,52,7
112,75,5
147,59,7
116,69,6
125,72,7
136,85,3
149,53,4
117,82,5
144,66,7
120,69,6
129,71,3
149,82,7
102,62,5
101,58,3
140,87,3
115,59,9
119,55,8
100,77,5
136,88,8
150,57,6
101,67,4
106,67,7
121,80,8
106,53,4
142,76,7
111,82,4
115,67,5
122,63,5
105,61,4
101,71,6
141,53,4
114,81,3
111,79,4
108,69,3
139,88,5
133,60,6
135,81,4
112,79,6
136,63,5
108,60,8
109,81,7
106,87,8
123,78,4
138,67,9
116,65,4
143,60,9
121,58,5
140,81,9
144,54,7
146,54,7
138,78,3
130,67,3
150,67,5
107,85,5
149,80,9
134,53,4
107,70,7
126,51,3
150,90,3
140,72,7
122,61,9
106,72,5
110,87,7
117,84,9
103,68,6
105,50,4
134,52,3
144,81,6
148,65,6
143,64,8
145,52,7
124,81,4
107,77,6
123,70,9
140,79,5
129,85,3
150,68,9
142,78,4
132,56,6
147,56,7
138,58,7
106,90,8
119,87,3
146,67,8
122,73,4
139,87,8
111,76,8
123,58,7
128,89,8
139,76,5
136,67,8
101,83,8
115,50,6
103,75,5
125,64,7
149,89,7
103,60,3
141,61,3
128,63,3
143,60,8
125,82,4
108,79,9
100,60,3
108,78,4
139,85,7
121,87,5
121,64,3
123,74,9
142,88,3
134,75,4
115,74,5
101,68,4
113,62,7
111,89,3
105,59,9
104,73,5
149,67,8
113,77,3
103,66,6
142,63,5
105,66,6
134,50,7
130,72,5
148,58,9
121,87,6
143,50,4
130,66,7
134,66,8
132,69,7
118,79,3
111,62,7
144,71,7
137,78,5
109,88,9
115,84,8
141,73,9
146,86,4
102,77,9
140,88,7
140,57,5
144,53,5
144,76,7
120,61,9
116,77,3
122,51,7
111,61,6
137,61,9
117,82,7
135,69,7
111,57,3
111,60,3
110,88,3
108,50,7
148,68,8
103,63,7
141,67,7
144,57,3
136,53,3
134,79,4
107,88,5
121,84,7
147,51,5
130,56,4
112,51,7
112,54,7
145,64,9
132,80,7
135,59,7
140,61,8
141,88,5
142,70,7
143,73,8
142,80,8
148,84,9
142,88,6
124,69,9
109,83,3
142,83,5
139,57,5
137,59,4
108,82,3
139,62,8
137,50,3
102,67,7
100,78,7
150,52,6
103,63,3
140,50,7
128,67,8
145,62,6
125,58,4
125,89,4
103,86,4
140,66,6
132,62,9
128,50,6
113,85,8
101,74,5
129,70,3
143,64,3
133,88,5
149,73,5
109,65,8
100,65,3
108,83,3
124,61,3
103,65,4
114,86,3
127,80,6
142,88,9
132,56,6
120,74,7
132,51,6
130,70,8
127,55,8
137,76,6
107,70,8
114,84,7
139,53,4
116,58,8
136,68,7
138,56,5
131,73,4
100,76,5
111,57,4
143,73,4
136,61,4
112,88,5
126,86,3
145,87,4
101,81,6
111,67,8
124,53,5
103,64,6
125,62,3
142,74,5
150,82,8
115,69,3
108,83,9
125,65,8
139,53,7
125,61,3
123,70,8
115,77,8
129,82,4
143,67,4
112,90,5
135,53,4
141,78,6
146,57,9
122,74,9
130,53,7
107,76,8
138,56,8
141,52,4
120,69,3
150,64,6
108,75,9
107,67,8
133,58,3
107,57,4
139,75,7
143,67,7
123,82,7
130,90,9
102,53,7
128,55,4
115,74,7
134,60,7
129,84,6
121,74,3
123,62,5
137,62,4
125,51,9
136,56,4
115,50,3
108,84,6
113,83,5
103,64,8
147,62,7
130,74,3
121,81,6
103,85,6
115,73,3
125,76,4
101,90,9
120,55,9
113,72,8
102,87,6
112,82,3
113,50,7
146,61,3
133,84,9
108,73,3
122,65,5
131,72,4
144,61,7
105,57,8
142,68,8
127,61,5
137,51,5
137,89,3
147,56,8
148,72,8
121,80,3
143,73,4
109,90,8
120,65,8
112,64,8
113,55,4
137,84,3
101,88,8
103,70,8
138,71,9
106,75,5
143,51,7
115,68,6
102,73,4
101,87,5
121,84,5
141,53,4
107,72,5
135,78,4
101,54,6
112,87,3
116,56,8
124,69,5
136,78,6
101,75,5
101,90,9
140,62,4
105,66,8
109,62,6
100,53,6
104,57,4
115,75,8
127,64,8
145,88,9
113,55,6
128,83,4
148,71,5
125,65,7
113,55,7
141,65,4
141,78,4
134,75,3
108,72,7
103,86,8
108,76,3
146,87,7
144,59,6
113,63,7
126,87,7
137,81,8
144,76,5
103,74,9
143,76,8
138,52,6
100,63,5
138,78,7
126,71,8
136,58,6
105,53,8
109,85,6
115,63,6
101,62,3
146,69,8
107,57,9
143,76,6
133,53,8
141,82,3
135,59,8
114,65,7
125,57,5
141,79,5
136,79,9
108,59,7
139,82,6
131,72,8
126,74,8
142,90,7
139,83,5
146,74,7
127,71,7
107,54,3
126,77,6
105,62,8
145,70,5
149,90,8
139,65,6
128,50,6
107,79,8
109,51,4
139,72,7
116,67,7
130,66,7
118,78,3
116,90,8
145,73,5
138,64,6
128,72,4
110,88,7
115,82,8
136,68,7
128,68,9
103,82,8
146,78,7
100,79,9
126,71,3
125,50,9
109,67,9
101,73,9
100,82,9
111,61,3
138,57,8
125,88,7
142,83,4
110,78,7
112,74,9
127,73,7
125,69,9
130,59,5
129,74,6
150,52,6
133,70,9
109,76,9
137,53,5
118,90,5
112,85,4
142,83,4
106,57,8
119,80,3
115,77,7
110,52,8
110,87,4
147,56,5
122,66,5
123,77,5
147,63,3
134,57,6
108,70,9
150,51,9
123,67,9
137,53,3
102,59,5
143,89,3
119,78,3
139,64,8
128,72,5
140,57,6
143,72,3
141,68,7
142,51,7
105,58,5
134,74,9
135,76,3
119,75,7
144,61,6
118,65,9
120,62,9
114,63,9
116,71,6
103,68,4
127,90,3
143,85,6
127,61,4
119,59,8
142,66,6
131,61,7
142,69,8
100,52,7
123,81,9
124,81,5
137,66,3
147,67,3
130,51,8
140,74,6
101,66,5
133,82,3
140,90,4
131,88,8
140,86,9
117,90,8
109,54,7
106,72,5
102,68,7
116,70,4
111,74,9
103,53,3
114,84,6
125,58,5
101,69,9
110,55,9
129,52,4
124,51,8
126,74,5
108,69,7
127,63,6
113,84,8
139,83,6
113,62,5
120,84,4
102,69,3
126,61,5
101,69,8
147,57,6
117,69,5
141,60,4
138,66,4
113,59,5
100,54,7
146,67,6
118,52,4
135,81,8
106,85,6
150,73,3
123,61,3
148,65,9
105,76,7
142,90,4
140,60,3
145,58,8
128,76,8
108,65,8
143,71,6
112,54,8
142,83,9
119,86,3
105,58,6
127,82,7
131,68,4
131,81,5
109,65,5
134,84,5
114,83,9
115,55,4
111,50,8
130,80,8
105,66,9
143,84,6
147,84,3
105,61,8
129,57,8
124,62,6
105,84,4
148,83,9
138,88,8
107,59,5
102,77,6
137,78,8
135,52,8
148,73,4
120,70,4
102,78,3
150,54,4
108,80,6
145,63,7
126,77,9
143,56,6
126,82,8
129,55,7
142,63,9
134,76,5
121,72,4
108,87,8
136,58,7
106,67,8
134,52,3
139,84,5
145,65,3
123,76,9
116,50,6
110,72,7
135,66,7
117,54,8
101,81,3
131,58,6
129,76,3
147,53,3
150,55,9
144,51,3
111,50,3
148,50,9
146,58,8
113,70,9
105,73,4
116,82,4
113,59,3
146,72,9
149,72,8
131,62,5
121,54,5
146,68,3
122,66,9
100,78,7
129,51,9
139,84,5
130,80,4
114,67,4
125,63,3
110,64,4
138,76,6
146,55,6
102,62,8
140,64,5
150,51,9
147,52,7
130,85,7
146,86,5
133,90,9
130,77,7
120,76,4
129,79,4
108,51,9
147,68,4
123,53,7
130,66,8
119,77,6
149,74,7
148,78,7
103,77,6
149,58,7
140,85,5
106,67,4
106,80,9
112,82,9
131,83,9
121,60,6
133,66,9
145,89,4
146,58,9
146,63,9
110,56,8
127,61,3
113,90,4
126,87,4
149,60,6
144,88,7
142,77,5
115,73,5
119,64,5
119,54,5
145,69,6
127,65,6
149,68,7
108,68,5
114,69,5
141,90,3
120,62,4
128,85,9
110,64,3
145,84,8
107,85,7
146,81,8
117,80,7
132,73,7
107,75,7
119,79,6
102,75,9
100,86,3
120,84,4
104,78,3
102,77,8
134,83,7
100,82,9
127,87,4
136,77,5
128,71,4
131,79,4
137,84,7
111,73,6
128,79,9
129,74,9
109,59,3
105,74,3
116,51,6
133,51,8
110,86,5
119,67,9
145,80,8
103,52,9
146,66,4
114,68,8
127,52,4
146,81,7
146,59,8
107,66,7
121,73,6
122,81,9
120,53,9
135,62,7
111,67,5
129,84,6
133,60,9
118,57,3
127,55,9
108,51,6
126,73,5
118,82,7
103,76,3
127,84,5
140,71,9
140,86,6
100,88,8
112,77,9
114,66,6
101,60,3
141,82,3
104,62,8
130,82,9
149,75,3
110,76,4
124,77,4
141,82,9
135,58,5
121,74,8
109,86,9
140,76,6
132,65,5
144,76,3
130,70,5
148,76,7
101,63,9
142,61,4
142,55,5
121,71,5
101,82,9
101,87,7
126,63,4
137,52,3
130,62,6
149,83,8
104,81,9
133,55,5
114,56,4
126,83,8
142,83,4
131,84,3
107,86,7
138,60,8
129,50,6
137,78,9
117,70,4
127,63,6
117,62,6
146,86,4
126,88,3
120,55,9
143,79,6
141,74,9
104,87,4
108,55,6
106,56,7
134,63,9
128,75,4
148,53,3
110,83,7
106,70,4
124,53,6
106,62,9
139,68,6
142,80,5
127,59,4
107,78,6
144,59,6
124,71,7
112,60,4
101,74,9
113,78,6
122,74,7
143,52,8
127,56,9
103,63,5
140,63,9
112,55,5
135,55,5
106,73,3
101,75,6
106,90,8
135,51,4
112,82,3
132,63,8
132,66,3
121,81,3
124,63,4
123,65,7
142,62,6
116,71,7
136,78,3
146,76,8
100,50,7
105,56,9
105,90,7
103,69,9
134,78,6
112,67,6
123,66,3
120,66,5
120,74,9
145,61,9
123,65,9
131,88,8
127,55,7
129,50,3
137,73,4
130,64,9
150,85,8
100,74,7
120,70,9
130,70,9
140,67,7
142,65,6
132,67,8
146,74,7
111,65,6
149,86,5
102,85,7
104,71,6
149,87,5
138,83,8
105,56,7
124,57,7
148,79,9
111,61,4
136,88,4
143,64,4
117,59,8
130,69,3
125,55,3
144,75,7
116,77,8
147,81,6
101,58,9
150,81,7
101,55,6
150,70,6
104,64,7
114,50,7
149,62,9
142,50,7
134,55,9
134,75,4
126,53,4
108,52,3
100,79,7
146,89,9
119,50,4
108,86,9
146,81,6
144,53,3
127,88,7
122,80,7
112,69,3
123,88,9
144,77,5
116,70,4
117,82,7
140,67,7
109,62,3
120,63,9
118,66,6
147,84,9
110,50,5
140,62,9
146,73,9
121,61,3
130,75,5
131,71,6
100,58,6
138,89,4
105,75,3
148,65,9
149,76,4
109,60,7
134,67,9
122,52,8
128,84,8
145,76,3
150,72,7
116,89,5
117,86,6
133,79,8
106,54,6
128,59,9
123,67,6
143,80,9
139,70,3
129,77,5
125,74,6
135,76,9
101,71,8
126,55,6
126,64,3
108,76,9
149,83,6
131,82,6
150,82,5
116,56,5
123,83,8
146,68,3
148,84,6
150,62,9
150,67,9
106,75,6
144,54,3
127,51,3
117,80,8
133,81,8
142,52,9
124,72,5
129,81,8
138,53,5
148,55,3
119,89,7
133,62,4
110,51,5
113,73,4
122,78,3
118,86,8
137,51,5
112,85,6
139,56,4
113,85,9
119,57,4
147,69,9
147,64,7
100,62,6
138,56,7
146,77,7
142,90,7
123,52,8
121,77,6
121,59,3
112,67,9
101,63,7
101,60,5
119,83,5
101,70,5
124,62,8
121,86,6
142,65,9
103,67,9
125,84,4
133,86,6
106,58,9
111,52,9
143,89,6
103,79,5
102,74,4
128,51,7
134,81,3
125,67,4
109,57,7
108,64,7
127,55,4
133,83,3
115,86,7
137,70,9
125,56,4
137,66,8
109,83,8
120,58,8
101,67,9
130,59,8
131,90,5
105,78,5
106,55,3
111,90,7
138,63,9
144,63,5
111,59,8
117,54,9
108,80,8
125,80,9
127,82,7
149,74,4
145,88,7
110,67,6
145,65,5
124,90,6
116,66,8
145,67,9
123,84,8
122,50,9
126,80,7
111,67,4
117,61,3
101,72,3
118,86,7
109,61,9
141,85,8
141,73,7
141,85,4
125,80,9
103,72,6
115,74,6
106,68,7
103,61,6
111,89,7
137,68,6
116,63,6
114,64,9
139,50,6
147,70,5
142,53,4
123,71,4
101,90,6
105,72,7
133,52,7
102,82,7
137,69,6
111,85,3
119,66,7
107,58,8
141,80,5
149,64,7
144,65,4
111,58,9
109,68,6
105,89,9
109,56,7
118,76,3
138,80,6
121,63,4
111,71,7
130,58,9
143,88,7
124,60,6
103,54,3
127,53,9
106,55,5
105,87,7
108,90,6
105,51,5
133,68,7
122,61,4
149,62,9
101,67,8
123,72,6
115,50,3
130,76,8
116,50,6
106,70,4
127,54,7
108,52,5
144,71,5
144,63,4
104,62,4
121,57,8
117,90,7
121,55,4
103,67,3
140,72,7
129,61,6
127,67,4
118,71,3
140,56,8
148,63,8
101,57,8
140,62,5
125,51,6
143,75,7
116,57,6
113,51,9
132,78,5
135,55,3
115,53,6
110,82,8
109,68,3
114,82,3
147,56,4
107,74,5
110,57,7
122,64,8
130,86,3
143,69,7
129,63,7
144,59,6
101,84,5
149,85,5
149,64,7
101,64,9
140,85,3
126,56,6
141,64,3
136,67,9
106,73,8
105,61,9
134,78,5
109,54,3
108,82,5
123,57,5
112,79,7
127,77,6
143,67,6
130,53,6
144,52,7
100,71,9
127,51,7
140,79,9
127,70,7
137,87,3
129,76,8
139,55,9
121,79,4
128,75,3
100,53,8
140,86,7
142,89,9
107,68,7
102,67,3
121,82,8
125,60,4
140,53,5
102,50,6
115,84,9
107,63,3
102,53,3
108,54,7
117,83,6
143,70,3
120,78,7
129,89,4
106,54,7
109,55,5
136,89,4
120,71,6
138,70,6
124,52,8
100,63,5
123,90,5
105,51,9
146,60,5
146,59,9
118,72,6
117,90,7
107,81,5
143,78,3
109,55,9
148,70,7
100,81,4
147,66,9
145,86,9
143,67,7
150,73,6
118,60,3
112,52,7
110,52,9
109,72,7
112,83,4
111,62,4
102,80,6
142,62,4
115,85,3
132,73,9
103,64,8
131,61,7
142,50,3
142,67,7
133,89,3
107,90,4
138,73,6
133,85,3
115,85,6
126,70,8
120,86,3
100,65,6
140,87,7
107,83,7
110,60,9
118,66,8
141,50,8
135,86,8
112,69,5
139,55,4
114,57,3
103,53,6
136,50,9
105,73,6
124,71,8
139,67,9
115,75,4
108,62,5
144,72,6
127,50,3
145,58,3
102,87,6
116,55,8
110,64,9
103,84,9
104,80,6
144,62,4
131,63,4
117,78,8
132,62,6
113,62,7
123,87,9
150,79,3
110,66,6
127,72,3
131,69,5
138,84,8
123,60,7
129,88,3
147,66,8
129,60,7
148,90,7
103,89,4
140,66,3
137,77,3
141,52,5
133,78,6
119,77,4
114,60,6
131,55,7
113,76,4
107,67,9
129,79,4
125,51,9
124,88,6
126,63,8
145,87,8
142,50,8
149,82,7
139,59,6
111,75,5
110,79,3
100,67,8
115,77,3
112,84,3
100,78,9
144,52,7
110,67,7
125,73,3
107,50,3
130,59,9
102,81,6
126,82,3
113,50,3
118,83,9
135,72,8
137,75,8
140,54,7
109,54,9
123,60,4
115,59,5
129,57,8
105,66,4
117,52,5
127,51,7
135,53,3
116,66,4
106,85,9
106,64,5
134,87,8
132,52,4
129,50,9
147,62,9
127,52,4
146,87,5
133,61,8
101,67,8
147,71,9
148,58,3
102,77,8
127,80,4
150,78,3
124,50,5
139,82,9
115,71,9
143,57,6
124,55,6
105,79,4
131,87,3
134,62,6
121,73,9
125,51,8
110,74,9
127,62,5
141,85,3
126,71,8
114,57,5
141,67,6
114,83,4
149,86,4
108,62,6
133,74,3
109,88,4
148,65,8
134,88,9
130,73,7
100,71,6
131,75,9
111,64,3
137,66,3
113,75,9
147,90,8
116,54,6
149,56,3
119,80,6
134,70,6
124,50,6
127,60,8
105,50,3
119,87,5
111,76,9
119,78,4
123,88,4
143,89,9
101,76,8
116,82,8
123,87,9
124,83,6
141,90,6
127,69,7
117,60,3
127,83,8
124,60,6
119,85,5
103,51,5
118,76,6
140,70,7
111,76,6
113,61,3
126,52,5
114,53,3
125,52,7
121,57,7
144,82,8
140,61,7
131,68,9
107,60,9
132,55,4
128,72,6
121,52,7
123,83,7
131,90,3
109,69,7
135,64,8
144,61,5
146,85,4
128,65,9
106,56,4
149,74,8
136,76,6
148,75,4
131,71,6
148,67,7
110,71,6
128,75,7
149,71,5
115,70,5
103,53,7
141,64,4
140,65,6
133,60,8
121,60,7
122,57,4
125,62,5
118,61,4
105,90,3
107,79,8
116,61,8
107,78,8
145,70,7
119,54,6
105,73,5
110,50,3
143,67,5
127,73,7
120,78,8
106,60,4
131,80,4
142,63,9
130,53,4
120,81,6
141,66,5
148,79,9
118,58,6
126,80,6
148,77,9
113,53,7
113,62,4
124,50,6
127,89,5
130,61,9
101,76,5
126,53,3
143,50,5
136,81,6
143,83,8
110,82,9
111,64,8
114,69,4
117,73,9
146,73,7
122,80,3
126,68,7
146,63,8
126,83,9
140,83,9
149,70,8
104,87,9
145,77,7
121,55,6
111,82,8
118,74,3
110,68,4
110,86,5
117,51,3
111,84,8
120,86,4
126,63,7
146,72,8
138,85,5
110,58,8
108,54,5
129,61,3
110,79,7
142,53,8
101,72,8
131,88,9
147,59,4
137,56,5
131,66,8
119,79,5
115,80,4
107,89,3
111,84,9
121,57,9
112,68,5
150,60,5
104,57,5
126,60,6
149,84,4
128,56,7
112,72,5
103,73,7
125,82,5
131,74,6
103,61,4
123,81,3
136,69,9
102,50,8
100,84,7
137,90,6
100,77,4
148,90,7
123,57,9
143,60,3
144,58,8
143,66,9
125,64,6
114,76,8
113,66,9
136,70,8
127,50,7
104,89,8
145,90,4
109,60,9
147,77,7
103,69,5
100,77,8
136,85,3
102,53,5
103,66,8
148,50,3
121,56,9
114,55,7
148,86,7
150,78,7
103,81,9
135,53,5
143,53,8
125,90,8
124,89,9
102,66,3
144,57,7
123,65,8
141,61,8
117,66,4
129,56,4
138,52,4
119,58,7
129,53,8
119,74,9
131,75,9
105,58,7
104,81,7
127,50,6
125,54,6
128,68,9
139,78,6
124,80,7
130,62,6
147,70,8
124,79,9
117,83,4
107,89,9
148,85,4
142,56,7
150,64,3
120,86,5
120,63,9
123,61,9
105,84,7
132,89,4
106,66,3
132,51,7
123,64,6
115,73,6
120,69,9
148,89,3
122,59,5
134,64,4
141,77,9
116,84,6
131,57,8
114,61,7
145,57,4
148,68,3
144,83,4
138,80,9
150,56,3
133,64,5
119,84,3
140,63,9
111,56,5
104,80,7
115,73,5
109,70,9
140,68,6
109,62,3
133,51,7
141,78,9
149,50,9
120,61,7
136,80,4
118,59,8
112,62,4
137,78,8
137,69,9
144,57,5
138,81,6
117,85,8
126,68,9
111,64,7
145,72,5
128,84,8
103,75,6
139,88,5
113,85,5
112,59,5
150,58,5
116,65,7
144,79,3
128,69,3
118,84,8
120,74,6
134,90,5
109,84,7
107,53,8
104,67,5
119,75,9
112,77,9
101,82,9
116,74,3
122,66,5
148,59,6
111,51,5
114,87,3
103,77,3
105,64,3
143,78,9
119,85,3
148,79,3
117,87,9
122,70,4
115,78,3
115,67,6
144,53,8
143,75,8
114,66,9
132,63,7
145,69,5
124,86,7
134,76,5
102,70,4
125,86,3
140,67,8
147,82,7
132,66,6
101,67,4
103,85,8
145,88,6
117,83,4
135,53,9
125,65,8
117,69,8
111,83,6
132,56,9
131,81,4
114,66,5
145,70,5
121,84,8
137,53,8
102,65,7
110,62,9
109,85,6
117,86,9
120,68,5
133,89,9
128,65,9
114,59,7
102,66,4
112,56,8
131,61,3
116,77,6
104,52,4
108,88,7
118,62,9
137,82,9
137,60,6
123,56,4
141,89,8
132,61,7
150,76,7
107,81,7
127,55,6
109,79,5
135,65,3
101,80,5
106,65,7
119,77,7
101,57,9
114,70,9
114,52,7
104,72,3
132,50,4
128,62,4
134,80,7
135,61,8
105,84,7
138,73,6
130,82,4
131,62,8
104,51,3
102,88,6
123,53,6
112,67,8
147,70,7
149,60,7
109,80,9
111,68,6
134,73,9
134,72,4
113,53,6
141,52,3
107,63,5
117,64,4
144,60,7
120,64,7
118,80,6
142,88,4
134,69,5
129,69,5
110,82,9
118,74,9
129,73,6
106,65,6
140,79,3
122,78,9
106,90,3
101,68,9
135,51,8
138,69,6
110,66,7
111,84,8
148,57,7
110,66,7
124,50,4
145,50,4
119,53,8
139,51,3
100,73,5
123,61,7
109,68,7
126,70,4
121,65,7
149,76,5
127,59,7
110,77,8
123,76,4
114,73,9
127,66,4
100,77,5
110,60,5
108,61,4
125,58,3
118,89,3
136,61,9
145,80,6
133,65,3
123,70,4
142,84,9
126,89,4
147,72,3
139,83,4
131,70,9
122,63,3
112,78,7
148,70,4
146,57,6
145,59,3
150,53,4
148,73,9
101,60,9
144,66,7
117,80,3
128,86,3
121,54,4
126,54,7
128,53,6
135,60,5
139,73,3
122,66,5
144,73,9
133,79,9
146,70,8
125,83,8
119,69,4
138,78,7
102,71,8
146,71,6
145,63,8
132,71,4
118,54,7
112,62,4
114,70,9
143,76,8
110,77,7
106,87,4
121,74,6
101,58,3
140,74,6
109,56,6
114,58,6
131,84,8
130,68,7
101,75,6
143,57,4
149,90,6
108,76,8
106,74,6
132,84,8
131,79,4
134,90,9
108,88,6
111,53,4
111,55,6
128,82,6
120,52,7
121,78,5
147,53,7
138,70,9
131,77,3
131,80,3
144,89,9
134,64,5
150,90,6
130,89,7
103,80,6
147,80,5
146,59,4
107,58,9
122,55,6
104,57,5
106,84,9
137,58,9
139,80,5
127,63,8
136,54,9
127,83,9
112,83,9
127,84,3
118,56,8
133,76,8
148,80,6
150,82,3
129,67,3
129,72,8
129,68,5
135,85,9
136,72,6
113,87,5
112,77,4
112,86,3
119,86,9
117,61,4
141,72,6
107,85,8
147,78,5
121,84,9
124,64,4
116,62,6
138,53,3
110,75,7
140,83,9
133,81,7
109,68,9
130,59,7
137,52,6
105,82,7
120,77,7
131,63,5
129,60,6
133,84,8
133,53,5
134,59,8
133,63,3
140,86,5
113,66,3
104,70,5
131,63,6
121,53,3
133,58,9
146,62,7
103,51,3
129,87,7
148,84,9
101,63,3
127,64,4
138,75,8
111,70,7
101,60,3
144,53,7
141,59,4
146,82,9
112,73,6
123,78,8
132,79,8
133,63,6
138,61,4
143,59,4
106,53,8
150,76,9
146,56,8
133,53,5
133,78,6
118,83,6
111,72,4
104,83,6
125,59,9
108,51,7
131,63,8
119,75,3
110,80,7
108,86,3
131,81,3
124,67,3
110,65,5
112,57,7
133,90,5
106,53,8
138,71,8
142,85,3
142,83,6
109,65,6
102,68,4
141,90,3
116,70,9
124,83,7
150,53,4
132,88,8
135,52,6
114,89,6
104,74,4
119,68,3
109,69,8
107,75,9
113,60,3
112,57,9
116,75,4
150,72,3
124,57,6
120,68,3
139,70,7
144,70,8
114,83,9
114,86,6
135,53,3
116,55,4
124,59,4
125,77,7
132,74,9
133,69,7
135,50,4
110,77,6
122,63,4
119,68,7
119,72,5
125,62,7
143,71,6
136,56,8
142,54,4
149,52,9
122,55,5
139,78,9
107,58,5
109,81,4
149,51,6
150,81,5
106,74,6
117,73,4
113,56,5
150,70,5
106,62,4
125,88,5
142,56,8
118,56,3
140,60,9
119,89,3
121,80,6
137,87,9
115,87,9
104,56,3
139,84,5
117,52,7
132,88,8
143,64,6
105,69,5
109,65,5
105,65,8
113,58,4
109,76,7
124,76,6
116,89,5
138,61,6
133,60,8
104,56,8
112,89,5
140,74,9
134,66,4
120,89,3
126,69,6
134,53,4
103,54,7
130,53,7
103,74,9
110,60,6
109,53,8
149,55,6
114,71,4
139,80,5
106,71,9
122,78,8
115,56,5
128,76,3
118,58,9
116,75,7
103,69,3
109,58,6
101,60,3
132,71,9
136,62,3
137,86,5
105,62,4
140,67,5
133,70,9
110,61,3
136,70,6
106,80,4
113,83,7
137,86,5
119,70,9
116,71,5
143,82,3
106,70,5
142,81,9
101,73,6
141,55,7
134,85,5
144,74,8
115,72,9
103,81,9
150,74,7
142,72,7
144,76,7
106,83,5
128,54,9
135,67,9
114,51,6
128,72,6
115,73,3
105,66,9
150,64,7
150,87,4
104,56,4
106,85,9
123,78,9
101,61,9
140,88,3
119,77,3
108,74,8
137,89,7
149,83,3
104,56,4
111,76,5
132,58,8
118,77,8
127,83,9
133,83,7
129,60,9
121,65,6
121,84,9
117,59,8
102,59,4
140,64,3
139,79,8
121,51,3
137,75,6
143,69,9
138,73,8
104,85,9
117,64,7
137,68,8
118,74,9
118,88,7
114,88,6
113,55,8
144,52,9
118,82,7
105,52,3
102,70,5
139,87,3
124,67,4
113,67,8
119,87,4
148,56,7
147,86,3
116,61,3
141,89,7
122,63,6
130,50,8
125,76,6
129,68,4
132,84,5
118,63,3
126,87,4
106,78,6
143,52,5
144,71,8
113,65,6
149,50,7
140,67,6
150,62,6
126,50,9
134,82,6
149,75,6
135,75,9
124,62,7
139,60,9
141,71,7
105,55,4
116,73,9
130,77,7
144,69,9
136,73,9
141,56,6
113,63,4
106,90,7
118,74,9
118,67,4
124,66,6
150,52,4
132,56,7
137,83,5
144,73,6
111,80,9
127,51,3
122,71,7
105,69,7
135,64,4
138,65,5
144,72,3
130,77,5
118,58,5
114,54,6
135,78,9
102,79,7
104,75,3
119,69,7
120,74,8
116,80,5
122,58,7
128,66,7
139,56,7
119,60,5
124,50,5
112,69,9
112,87,3
131,65,6
130,75,7
129,50,7
126,64,8
135,78,6
143,79,3
144,67,3
119,82,6
123,60,6
129,68,4
127,76,6
101,85,7
116,67,7
129,80,9
136,56,4
150,64,5
121,67,5
103,90,8
125,77,5
136,80,3
145,81,3
141,69,9
141,88,8
110,59,6
127,64,4
109,67,7
116,61,7
123,90,8
119,90,3
142,74,9
112,88,4
144,82,5
119,60,8
116,82,7
125,53,4
139,76,9
124,53,6
136,70,4
135,51,8
127,52,5
140,58,7
104,60,5
110,82,9
124,75,9
148,75,9
102,72,8
113,85,6
130,72,5
101,74,9
120,54,3
137,80,7
112,86,6
123,61,4
131,77,9
104,84,6
137,67,5
125,64,3
139,63,9
140,88,7
104,87,4
126,86,8
146,86,3
145,69,5
125,50,8
148,84,8
111,67,3
131,73,8
126,63,9
107,58,9
115,89,8
127,65,9
112,55,6
139,89,9
138,87,3
119,53,5
131,80,9
134,56,3
111,60,5
106,72,3
138,78,3
142,56,7
122,79,6
102,83,6
123,71,9
150,75,8
108,77,9
117,67,4
144,51,5
113,75,9
111,56,8
116,71,5
110,87,8
124,58,7
111,86,7
120,70,4
145,77,7
106,64,6
142,67,7
125,74,5
109,83,8
128,63,6
106,52,4
117,58,6
147,85,6
106,55,8
146,53,5
102,57,4
101,60,5
136,67,8
109,69,7
105,56,4
104,55,5
134,58,5
133,79,3
106,66,4
116,69,3
134,54,7
115,71,5
114,69,5
112,86,6
114,54,9
134,66,4
124,89,9
105,74,3
110,66,3
123,86,8
139,57,7
140,89,4
115,55,7
123,59,9
142,68,3
147,69,3
139,65,7
106,53,5
101,67,4
117,60,9
108,86,8
141,59,8
119,51,6
118,75,5
129,65,6
120,79,9
123,88,7
122,56,8
114,89,5
106,57,7
133,85,3
117,62,8
135,80,7
101,61,4
114,81,3
100,64,5
128,50,3
127,87,6
120,67,5
103,85,6
149,67,5
134,83,6
133,74,5
133,85,9
117,87,7
107,74,9
108,75,4
133,66,3
109,79,9
149,82,7
113,80,6
138,88,9
143,89,3
101,65,5
142,81,6
147,69,7
133,85,7
138,59,9
107,75,9
120,87,4
104,52,5
147,73,5
132,61,7
136,58,3
140,57,6
143,53,5
132,53,8
104,78,4
150,90,6
108,67,7
122,73,6
108,80,4
135,55,4
139,63,6
116,84,7
109,78,9
142,86,7
143,81,6
108,51,6
105,65,4
121,65,8
140,81,9
101,58,9
128,84,4
111,72,9
144,89,8
145,84,6
125,53,6
149,84,8
106,54,8
103,69,9
110,71,6
140,87,7
100,54,6
149,81,3
106,80,7
128,80,6
112,69,4
118,53,4
148,75,4
112,73,7
121,76,6
114,81,8
123,50,7
140,85,4
139,75,3
148,56,8
127,75,7
145,71,5
104,66,7
106,75,9
106,68,4
145,68,3
145,71,5
109,62,3
138,74,9
139,54,5
137,73,8
139,51,4
107,90,8
103,87,7
132,89,5
129,68,3
128,65,4
109,56,3
117,85,5
108,78,5
144,76,9
133,63,7
124,75,3
135,65,3
149,86,7
148,69,4
138,69,3
149,89,6
121,64,3
111,85,8
117,54,7
132,54,9
130,83,9
118,53,6
147,90,7
113,57,5
128,87,7
110,53,4
109,66,3
133,57,9
137,53,9
147,54,8
100,87,5
104,75,4
113,84,5
143,88,7
121,78,3
128,69,9
129,79,5
136,62,5
147,80,4
119,85,4
122,85,4
118,55,9
113,76,5
142,57,9
107,88,8
101,51,6
100,57,9
116,58,7
118,53,4
117,50,5
135,50,3
124,66,5
108,72,6
121,55,7
100,88,5
145,60,4
128,53,6
148,55,7
103,51,6
138,74,7
105,79,4
132,70,9
101,73,3
118,52,6
112,67,8
147,63,5
120,85,7
103,51,3
114,57,8
130,51,4
118,50,7
147,56,4
108,70,9
138,51,7
146,77,9
100,80,4
108,88,8
129,59,7
107,57,6
127,78,6
138,84,3
120,58,7
120,59,8
135,59,8
126,80,3
109,73,9
118,72,8
129,77,7
115,64,9
123,59,9
100,73,6
135,82,8
138,54,3
148,57,4
125,69,8
126,77,3
126,60,4
119,78,6
125,65,9
138,64,3
150,59,5
141,80,8
146,82,8
128,50,8
136,75,7
105,81,5
140,62,5
122,58,8
120,76,7
142,82,3
111,68,4
107,85,3
135,85,5
109,76,8
106,57,9
121,75,6
103,58,3
113,88,5
129,82,4
109,62,4
109,52,9
109,69,9
125,71,7
135,71,5
106,80,4
101,55,6
112,82,5
119,73,8
127,79,8
121,88,4
140,89,6
140,76,9
148,84,8
149,86,6
123,67,4
123,56,8
111,90,8
111,83,9
106,80,5
109,86,7
131,72,7
112,75,8
103,86,3
112,70,6
125,83,9
117,83,9
148,73,8
115,84,8
119,59,7
115,56,6
137,79,3
138,77,5
123,59,3
141,59,6
110,90,4
106,87,6
111,80,9
112,67,4
103,53,6
143,78,4
119,84,5
117,69,6
117,75,5
100,53,9
106,81,9
125,56,5
110,81,6
115,73,9
134,59,9
104,80,7
103,85,3
106,87,7
149,90,4
108,51,9
106,50,6
106,67,9
145,59,7
102,82,6
106,75,3
145,53,4
130,82,4
145,70,4
126,65,8
148,88,7
139,53,5
113,65,5
102,60,5
118,67,9
140,68,7
125,90,6
142,64,7
119,67,9
100,83,9
149,72,6
147,86,3
116,73,7
128,70,8
123,57,6
116,73,9
149,72,9
134,85,6
101,81,4
128,67,5
131,73,6
148,78,7
109,76,3
142,82,6
138,87,3
150,85,5
145,90,9
147,81,3
117,62,5
124,71,3
136,74,7
134,82,7
136,59,9
119,58,3
121,69,8
114,74,4
101,80,8
111,69,3
136,58,7
146,54,8
147,74,8
118,86,5
105,66,8
117,87,8
134,86,6
110,54,4
150,51,7
106,58,8
114,87,3
136,51,8
129,50,6
132,65,6
148,72,9
136,82,5
132,83,6
108,89,8
147,63,9
113,53,7
109,69,3
116,88,8
125,60,8
121,67,7
112,72,9
142,62,8
103,63,6
106,88,7
143,63,7
124,72,5
116,50,5
120,78,6
132,68,7
100,64,4
131,87,7
126,80,5
148,63,4
136,80,7
128,65,9
121,62,8
118,55,8
136,50,9
134,54,7
111,82,7
126,80,7
150,53,8
131,66,4
138,74,3
136,56,4
135,65,5
138,63,4
105,57,6
108,77,9
127,81,7
138,85,4
107,75,8
118,87,8
136,83,3
136,74,5
104,73,7
145,52,9
105,89,4
130,70,5
120,73,6
112,80,5
122,64,8
137,69,3
145,55,4
137,87,6
117,72,4
136,67,9
120,62,5
130,57,8
141,75,9
103,72,8
133,51,7
135,79,8
115,56,7
110,69,7
131,80,6
129,68,8
141,78,6
142,67,5
103,84,8
103,61,7
122,86,7
143,52,3
150,75,4
110,73,8
135,90,6
148,61,6
125,71,6
110,68,5
148,86,9
129,82,3
121,71,4
128,57,6
117,71,9
127,79,8
132,59,7
113,72,3
139,54,4
126,60,9
125,88,3
147,57,4
103,86,5
103,61,6
119,69,4
149,64,6
110,61,8
105,71,7
131,61,7
112,74,8
150,52,9
106,86,5
145,57,5
107,77,3
106,90,8
110,59,4
130,50,3
141,69,4
131,59,5
